ID;REF;ALT;GENE_SYMBOL;GENE_ID;DEPTH;FREQUENCIES
rs377593965;T;G;G:nan;G:ENSG00000293331;66;gnomadg_nfe:0.1292,gnomade_oth:0.01786,gnomade_nfe:0.01418,gnomade_fin:0.008969,gnomade_amr:0.01447,gnomade_afr:0.01167,gnomadg:0.1077,gnomadg_sas:0.1934,gnomadg_ami:0.075,gnomadg_oth:0.1414,gnomadg_asj:0.1113,gnomade_eas:0.03162,gnomadg_afr:0.05175,gnomade_asj:0.007952,gnomade_sas:0.007683,gnomadg_amr:0.1474,gnomadg_eas:0.305,gnomadg_mid:0.1458,gnomade:0.01338,gnomadg_fin:0.161
rs3115849;G;A;A:LINC01128;A:ENSG00000228794;81;gnomadg_afr:0.4314,gnomadg_fin:0.8046,gnomadg_sas:0.8283,gnomadg_amr:0.7924,gnomadg_mid:0.793,afr:0.3903,eur:0.8688,gnomadg:0.7301,gnomade_amr:0.7957,gnomade_nfe:0.8598,gnomade_fin:0.8043,gnomade_afr:0.4137,gnomadg_oth:0.7611,gnomade_sas:0.8175,gnomade:0.8188,gnomadg_ami:0.761,gnomade_asj:0.8429,gnomade_oth:0.8389,sas:0.8354,af:0.7318,amr:0.8112,gnomade_eas:0.8974,gnomadg_eas:0.8941,eas:0.8879,gnomadg_nfe:0.856,gnomadg_asj:0.8464
rs6672356;T;C;C:SAMD11;C:ENSG00000187634;12;gnomadg_mid:1,eas:1,gnomade_fin:1,gnomade:0.9999,gnomadg_amr:1,gnomade_sas:0.9997,gnomadg_sas:0.9996,sas:1,gnomadg:0.9998,gnomadg_eas:1,eur:1,gnomadg_fin:1,gnomade_oth:1,gnomadg_afr:0.9996,gnomade_amr:0.9999,gnomadg_asj:1,gnomade_eas:1,gnomade_afr:0.9994,gnomadg_nfe:0.9999,gnomade_nfe:0.9999,amr:1,af:1,afr:1,gnomade_asj:1,gnomadg_oth:1,gnomadg_ami:1
rs2272757;G;A;A:SAMD11;A:ENSG00000187634;23;gnomade_oth:0.5668,gnomadg_afr:0.145,gnomadg_fin:0.6286,amr:0.438,gnomade_nfe:0.6363,gnomadg_nfe:0.638,gnomade_afr:0.1314,gnomade_eas:0.6586,gnomade_amr:0.4859,gnomadg_asj:0.5614,gnomadg_ami:0.5143,gnomadg_oth:0.511,gnomade_asj:0.5436,af:0.4419,afr:0.0643,eas:0.624,gnomadg_mid:0.5669,gnomadg_amr:0.4817,gnomade_sas:0.5655,gnomade:0.5696,gnomade_fin:0.6262,gnomadg:0.4817,sas:0.5706,gnomadg_sas:0.5769,eur:0.6332,gnomadg_eas:0.6582
rs72631890;T;G;G:SAMD11;G:ENSG00000187634;31;eur:0.001,gnomadg_eas:0,gnomadg:1.314e-05,gnomadg_sas:0,sas:0,gnomade_fin:0,gnomade:1.195e-05,gnomadg_amr:0,gnomade_sas:0,eas:0,gnomadg_mid:0,gnomade_asj:0,gnomadg_oth:0,gnomadg_ami:0,af:0.0002,afr:0,gnomadg_nfe:1.47e-05,amr:0,gnomade_nfe:2.646e-05,gnomadg_asj:0,gnomade_amr:0,gnomade_eas:0,gnomade_afr:0,gnomade_oth:0,gnomadg_afr:2.413e-05,gnomadg_fin:0
rs3828047;A;G;G:NOC2L;G:ENSG00000188976;18;gnomade_oth:0.9389,sas:0.9172,af:0.9223,amr:0.9193,gnomade_eas:0.911,gnomadg_eas:0.9242,eas:0.9206,gnomadg_nfe:0.9463,gnomadg_asj:0.9274,gnomadg_afr:0.9093,gnomadg_fin:0.9648,gnomadg_sas:0.9215,gnomadg_amr:0.933,gnomadg_mid:0.9304,gnomadg:0.9341,eur:0.9523,afr:0.9062,gnomade_amr:0.9545,gnomade_afr:0.9065,gnomade_fin:0.9606,gnomade_nfe:0.9422,gnomadg_oth:0.9336,gnomade_sas:0.9198,gnomade:0.9378,gnomadg_ami:0.9638,gnomade_asj:0.9355
rs3748596;T;C;C:NOC2L;C:ENSG00000188976;39;eas:0.9206,gnomadg_sas:0.9216,gnomadg_fin:0.9647,gnomade_asj:0.9354,gnomadg_oth:0.934,gnomade_eas:0.9109,gnomade_oth:0.9386,sas:0.9172,gnomadg_eas:0.9246,eur:0.9533,gnomadg:0.9342,afr:0.907,gnomadg_amr:0.9331,gnomade_nfe:0.9423,gnomade_fin:0.9606,gnomade:0.9378,af:0.9227,gnomadg_ami:0.9638,amr:0.9193,gnomade_afr:0.9066,gnomadg_asj:0.9274,gnomade_sas:0.9198,gnomadg_afr:0.9092,gnomadg_nfe:0.9464,gnomadg_mid:0.9304,gnomade_amr:0.9546
rs3748597;T;C;C:NOC2L;C:ENSG00000188976;34;gnomadg_fin:0.9647,gnomade_oth:0.9388,gnomadg_afr:0.9093,afr:0.907,af:0.9227,gnomade_asj:0.9355,gnomadg_ami:0.9638,gnomadg_oth:0.9336,gnomade_amr:0.9546,gnomadg_asj:0.9274,gnomade_afr:0.9066,gnomade_eas:0.9109,gnomadg_nfe:0.9464,amr:0.9193,gnomade_nfe:0.9422,gnomade_fin:0.9606,gnomadg_amr:0.9331,gnomade:0.9378,gnomade_sas:0.9197,gnomadg_mid:0.9304,eas:0.9206,gnomadg_eas:0.9245,eur:0.9533,gnomadg_sas:0.9214,sas:0.9172,gnomadg:0.9342
rs4970441;G;C;C:NOC2L;C:ENSG00000188976;48;gnomadg_asj:0.9122,gnomadg_eas:0.9206,gnomadg_oth:0.8865,gnomade_oth:0.9134,sas:0.9172,af:0.8592,eur:0.9433,gnomade_eas:0.9061,gnomadg_ami:0.8855,gnomade_asj:0.9166,afr:0.6959,gnomadg_nfe:0.9335,gnomade_afr:0.7143,gnomade_sas:0.9168,gnomade_amr:0.937,eas:0.9157,gnomadg_sas:0.9199,gnomadg_mid:0.9082,amr:0.8847,gnomadg_afr:0.7168,gnomadg_amr:0.9003,gnomade_fin:0.9374,gnomade:0.9127,gnomadg:0.8693,gnomadg_fin:0.9404,gnomade_nfe:0.9286
rs13303229;T;C;C:NOC2L;C:ENSG00000188976;42;eas:0.9196,gnomadg_mid:0.9114,gnomade_fin:0.9372,gnomade:0.9248,gnomadg_amr:0.9192,gnomade_sas:0.9164,gnomadg:0.9031,gnomadg_sas:0.9202,sas:0.9172,eur:0.9503,gnomadg_eas:0.924,gnomade_oth:0.9223,gnomadg_afr:0.8284,gnomadg_fin:0.9404,gnomadg_nfe:0.9356,gnomade_nfe:0.9329,amr:0.9078,gnomadg_asj:0.9124,gnomade_amr:0.9453,gnomade_eas:0.9135,gnomade_afr:0.8207,gnomade_asj:0.9158,gnomadg_oth:0.9148,gnomadg_ami:0.8833,af:0.9,afr:0.8298
rs28548431;C;T;T:PERM1;T:ENSG00000187642;27;gnomadg_eas:0.09931,gnomadg_afr:0.05868,gnomadg_sas:0.1413,eas:0.0962,gnomade_nfe:0.2066,gnomade_asj:0.1402,eur:0.1839,gnomade_sas:0.139,amr:0.0778,gnomade_oth:0.1579,gnomadg_asj:0.1421,gnomadg_fin:0.2261,gnomadg_amr:0.08792,gnomade_fin:0.2231,sas:0.1452,gnomade_amr:0.07065,gnomadg:0.1447,gnomadg_nfe:0.1994,gnomade_afr:0.05837,af:0.1112,gnomade:0.1578,afr:0.0598,gnomadg_mid:0.1108,gnomadg_ami:0.2818,gnomade_eas:0.1159,gnomadg_oth:0.1405
rs7417106;A;G;G:PERM1;G:ENSG00000187642;10;gnomade_oth:0.7593,sas:0.7526,gnomadg_eas:0.9368,gnomadg:0.7147,eur:0.7873,afr:0.4092,gnomadg_amr:0.7995,gnomade_nfe:0.7907,gnomade_fin:0.8181,gnomade:0.7916,eas:0.9246,gnomadg_sas:0.7736,gnomadg_fin:0.8133,gnomade_asj:0.7507,gnomadg_oth:0.7201,gnomade_eas:0.9444,gnomadg_afr:0.4922,gnomadg_nfe:0.7919,gnomadg_mid:0.693,gnomade_amr:0.8376,af:0.7103,gnomadg_ami:0.6956,amr:0.8012,gnomade_afr:0.4733,gnomadg_asj:0.7693,gnomade_sas:0.7755
rs13303368;G;C;C:PERM1;C:ENSG00000187642;26;gnomadg:0.5015,sas:0.5961,gnomadg_sas:0.6081,eur:0.5994,gnomadg_eas:0.7258,eas:0.7123,gnomadg_mid:0.4968,gnomadg_amr:0.6217,gnomade:0.596,gnomade_sas:0.622,gnomade_fin:0.5357,gnomade_nfe:0.5953,amr:0.6138,gnomadg_nfe:0.5889,gnomade_eas:0.7235,gnomade_afr:0.2493,gnomadg_asj:0.5752,gnomade_amr:0.6645,gnomadg_oth:0.5225,gnomadg_ami:0.4265,gnomade_asj:0.5629,af:0.5126,afr:0.1793,gnomade_oth:0.5702,gnomadg_afr:0.2618,gnomadg_fin:0.5243
rs13302983;T;C;C:PERM1;C:ENSG00000187642;27;gnomade_eas:0.9999,gnomade_asj:0.9166,gnomadg_oth:0.9546,gnomadg_fin:0.9915,eas:0.999,gnomadg_sas:0.9822,gnomade_nfe:0.9677,gnomade_fin:0.9923,gnomade:0.9721,gnomadg_amr:0.9652,sas:0.9847,gnomadg_eas:0.9998,gnomadg:0.9664,eur:0.9592,afr:0.9418,gnomade_oth:0.9536,gnomade_afr:0.9533,gnomadg_asj:0.9243,gnomade_sas:0.9811,gnomadg_ami:0.9759,amr:0.9539,af:0.9669,gnomadg_mid:0.9335,gnomade_amr:0.9754,gnomadg_afr:0.9546,gnomadg_nfe:0.9687
rs13303033;T;C;C:PERM1;C:ENSG00000187642;23;eur:0.5895,gnomadg_eas:0.7272,gnomadg:0.4928,sas:0.5971,gnomadg_sas:0.6088,gnomadg_amr:0.6171,gnomade:0.5887,gnomade_sas:0.6213,gnomade_fin:0.5334,eas:0.7123,gnomadg_mid:0.4937,gnomadg_oth:0.5158,gnomadg_ami:0.4265,gnomade_asj:0.5617,afr:0.177,af:0.5096,amr:0.6095,gnomade_nfe:0.5801,gnomadg_nfe:0.5735,gnomade_eas:0.7237,gnomade_afr:0.2428,gnomade_amr:0.6604,gnomadg_asj:0.5749,gnomadg_afr:0.2571,gnomade_oth:0.5647,gnomadg_fin:0.5238
rs13303355;A;G;G:PERM1;G:ENSG00000187642;31;gnomadg_ami:0.9769,gnomadg_oth:0.9225,gnomade_asj:0.9152,af:0.9181,afr:0.764,amr:0.9409,gnomade_nfe:0.9666,gnomadg_nfe:0.9679,gnomade_afr:0.778,gnomade_eas:0.9999,gnomade_amr:0.9663,gnomadg_asj:0.9237,gnomade_oth:0.9468,gnomadg_afr:0.787,gnomadg_fin:0.9914,eur:0.9592,gnomadg_eas:0.9996,gnomadg:0.9181,sas:0.9847,gnomadg_sas:0.9822,gnomade:0.962,gnomadg_amr:0.9466,gnomade_sas:0.9808,gnomade_fin:0.9922,eas:0.999,gnomadg_mid:0.9304
rs6660139;A;G;G:PERM1;G:ENSG00000187642;33;gnomadg_oth:0.7481,gnomade_asj:0.7322,gnomadg_ami:0.7104,gnomade:0.7735,gnomade_sas:0.8334,gnomadg_amr:0.7899,gnomadg_sas:0.8263,gnomadg_fin:0.7334,gnomadg_afr:0.6229,gnomade_amr:0.8196,gnomade_afr:0.6116,gnomade_fin:0.7422,gnomade_nfe:0.748,gnomadg_mid:0.7468,gnomadg:0.7221,eur:0.7584,afr:0.5998,gnomadg_asj:0.7304,af:0.7586,sas:0.8323,gnomade_oth:0.7576,eas:0.88,gnomadg_nfe:0.7449,gnomadg_eas:0.8788,gnomade_eas:0.8648,amr:0.781
