ID;REF;ALT;GENE_SYMBOL;GENE_ID;DEPTH;gnomadg_nfe;gnomade_oth;gnomade_nfe;gnomade_fin;gnomade_amr;gnomade_afr;gnomadg;gnomadg_sas;gnomadg_ami;gnomadg_oth;gnomadg_asj;gnomade_eas;gnomadg_afr;gnomade_asj;gnomade_sas;gnomadg_amr;gnomadg_eas;gnomadg_mid;gnomade;gnomadg_fin;afr;eur;sas;af;amr;eas
rs13302983;T;C;C:PERM1;C:ENSG00000187642;27;0.9687;0.9536;0.9677;0.9923;0.9754;0.9533;0.9664;0.9822;0.9759;0.9546;0.9243;0.9999;0.9546;0.9166;0.9811;0.9652;0.9998;0.9335;0.9721;0.9915;0.9418;0.9592;0.9847;0.9669;0.9539;0.999
rs13303033;T;C;C:PERM1;C:ENSG00000187642;23;0.5735;0.5647;0.5801;0.5334;0.6604;0.2428;0.4928;0.6088;0.4265;0.5158;0.5749;0.7237;0.2571;0.5617;0.6213;0.6171;0.7272;0.4937;0.5887;0.5238;0.177;0.5895;0.5971;0.5096;0.6095;0.7123
rs13303229;T;C;C:NOC2L;C:ENSG00000188976;42;0.9356;0.9223;0.9329;0.9372;0.9453;0.8207;0.9031;0.9202;0.8833;0.9148;0.9124;0.9135;0.8284;0.9158;0.9164;0.9192;0.924;0.9114;0.9248;0.9404;0.8298;0.9503;0.9172;0.9;0.9078;0.9196
rs13303355;A;G;G:PERM1;G:ENSG00000187642;31;0.9679;0.9468;0.9666;0.9922;0.9663;0.778;0.9181;0.9822;0.9769;0.9225;0.9237;0.9999;0.787;0.9152;0.9808;0.9466;0.9996;0.9304;0.962;0.9914;0.764;0.9592;0.9847;0.9181;0.9409;0.999
rs13303368;G;C;C:PERM1;C:ENSG00000187642;26;0.5889;0.5702;0.5953;0.5357;0.6645;0.2493;0.5015;0.6081;0.4265;0.5225;0.5752;0.7235;0.2618;0.5629;0.622;0.6217;0.7258;0.4968;0.596;0.5243;0.1793;0.5994;0.5961;0.5126;0.6138;0.7123
rs2272757;G;A;A:SAMD11;A:ENSG00000187634;23;0.638;0.5668;0.6363;0.6262;0.4859;0.1314;0.4817;0.5769;0.5143;0.511;0.5614;0.6586;0.145;0.5436;0.5655;0.4817;0.6582;0.5669;0.5696;0.6286;0.0643;0.6332;0.5706;0.4419;0.438;0.624
rs28548431;C;T;T:PERM1;T:ENSG00000187642;27;0.1994;0.1579;0.2066;0.2231;0.07065;0.05837;0.1447;0.1413;0.2818;0.1405;0.1421;0.1159;0.05868;0.1402;0.139;0.08792;0.09931;0.1108;0.1578;0.2261;0.0598;0.1839;0.1452;0.1112;0.0778;0.0962
rs3115849;G;A;A:LINC01128;A:ENSG00000228794;81;0.856;0.8389;0.8598;0.8043;0.7957;0.4137;0.7301;0.8283;0.761;0.7611;0.8464;0.8974;0.4314;0.8429;0.8175;0.7924;0.8941;0.793;0.8188;0.8046;0.3903;0.8688;0.8354;0.7318;0.8112;0.8879
rs3748596;T;C;C:NOC2L;C:ENSG00000188976;39;0.9464;0.9386;0.9423;0.9606;0.9546;0.9066;0.9342;0.9216;0.9638;0.934;0.9274;0.9109;0.9092;0.9354;0.9198;0.9331;0.9246;0.9304;0.9378;0.9647;0.907;0.9533;0.9172;0.9227;0.9193;0.9206
rs3748597;T;C;C:NOC2L;C:ENSG00000188976;34;0.9464;0.9388;0.9422;0.9606;0.9546;0.9066;0.9342;0.9214;0.9638;0.9336;0.9274;0.9109;0.9093;0.9355;0.9197;0.9331;0.9245;0.9304;0.9378;0.9647;0.907;0.9533;0.9172;0.9227;0.9193;0.9206
rs377593965;T;G;G:nan;G:ENSG00000293331;66;0.1292;0.01786;0.01418;0.008969;0.01447;0.01167;0.1077;0.1934;0.075;0.1414;0.1113;0.03162;0.05175;0.007952;0.007683;0.1474;0.305;0.1458;0.01338;0.161;NaN;NaN;NaN;NaN;NaN;NaN
rs3828047;A;G;G:NOC2L;G:ENSG00000188976;18;0.9463;0.9389;0.9422;0.9606;0.9545;0.9065;0.9341;0.9215;0.9638;0.9336;0.9274;0.911;0.9093;0.9355;0.9198;0.933;0.9242;0.9304;0.9378;0.9648;0.9062;0.9523;0.9172;0.9223;0.9193;0.9206
rs4970441;G;C;C:NOC2L;C:ENSG00000188976;48;0.9335;0.9134;0.9286;0.9374;0.937;0.7143;0.8693;0.9199;0.8855;0.8865;0.9122;0.9061;0.7168;0.9166;0.9168;0.9003;0.9206;0.9082;0.9127;0.9404;0.6959;0.9433;0.9172;0.8592;0.8847;0.9157
rs6660139;A;G;G:PERM1;G:ENSG00000187642;33;0.7449;0.7576;0.748;0.7422;0.8196;0.6116;0.7221;0.8263;0.7104;0.7481;0.7304;0.8648;0.6229;0.7322;0.8334;0.7899;0.8788;0.7468;0.7735;0.7334;0.5998;0.7584;0.8323;0.7586;0.781;0.88
rs6672356;T;C;C:SAMD11;C:ENSG00000187634;12;0.9999;1;0.9999;1;0.9999;0.9994;0.9998;0.9996;1;1;1;1;0.9996;1;0.9997;1;1;1;0.9999;1;1;1;1;1;1;1
rs72631890;T;G;G:SAMD11;G:ENSG00000187634;31;1.47e-05;0;2.646e-05;0;0;0;1.314e-05;0;0;0;0;0;2.413e-05;0;0;0;0;0;1.195e-05;0;0;0.001;0;0.0002;0;0
rs7417106;A;G;G:PERM1;G:ENSG00000187642;10;0.7919;0.7593;0.7907;0.8181;0.8376;0.4733;0.7147;0.7736;0.6956;0.7201;0.7693;0.9444;0.4922;0.7507;0.7755;0.7995;0.9368;0.693;0.7916;0.8133;0.4092;0.7873;0.7526;0.7103;0.8012;0.9246
